ep_num,imdb_id,scraped_date
246,tt4465564,2017-12-12
245,tt0108308,2017-12-12
244,tt3462710,2017-12-12
243,tt4030600,2017-12-12
242,tt0498381,2017-12-12
241,tt5445074,2017-12-12
240,tt4693464,2017-12-12
239,tt1219827,2017-12-12
238,tt1293847,2017-12-12
237,tt0093278,2017-12-12
236,tt1386697,2017-12-12
235,tt2032572,2017-12-12
234,tt2140479,2017-12-12
233,tt1967614,2017-12-12
232,tt1753383,2017-12-12
231,tt4824302,2017-12-12
230,tt3095734,2017-12-12
229,tt2094766,2017-12-12
228,tt4682786,2017-12-12
227,tt0078723,2017-12-12
226,tt1472584,2017-12-12
225,tt0360784,2017-12-12
224,tt1608290,2017-12-12
223,tt1618442,2017-12-12
222,tt2802136,2017-12-12
221,tt2975590,2017-12-12
220,tt3733774,2017-12-12
219,tt4009460,2017-12-12
218,tt4383594,2017-12-12
217,tt1628841,2017-12-12
216,tt2309260,2017-12-12
215,tt2918436,2017-12-12
214,tt1976009,2017-12-12
213,tt3398066,2017-12-12
212,tt4456982,2017-12-12
211,tt0120685,2017-12-12
210,tt1502712,2017-12-12
209,tt3733778,2017-12-12
208,tt1594972,2017-12-12
207,tt3882082,2017-12-12
206,tt3797868,2017-12-12
205,tt2404233,2017-12-12
204,tt3787590,2017-12-12
203,tt0107438,2017-12-12
202,tt2503944,2017-12-12
201,tt3480796,2017-12-12
200,tt0102558,2017-12-12
199,tt3614530,2017-12-12
198,tt3203616,2017-12-12
197,tt1121096,2017-12-12
196,tt1243974,2017-12-12
195,tt0091129,2017-12-12
194,tt1552224,2017-12-12
193,tt2814362,2017-12-12
192,tt1823672,2017-12-12
191,tt3179568,2017-12-12
190,tt1204977,2017-12-12
189,tt2377322,2017-12-12
188,tt3713166,2017-12-12
187,tt2332623,2017-12-12
186,tt1552111,2017-12-12
185,tt2095649,2017-12-12
184,tt2968804,2017-12-12
183,tt2467046,2017-12-12
182,tt4191054,2017-12-12
181,tt1617661,2017-12-12
180,tt1786751,2017-12-12
179,tt3045616,2017-12-12
178,tt2322441,2017-12-12
177,tt0829150,2017-12-12
176,tt3181822,2017-12-12
175,tt1837709,2017-12-12
174,tt1800246,2017-12-12
173,tt2209764,2017-12-12
172,tt0884726,2017-12-12
171,tt2011159,2017-12-12
170,tt2109248,2017-12-12
169,tt1291150,2017-12-12
168,tt2401807,2017-12-12
167,tt0339034,2017-12-12
166,tt1921064,2017-12-12
165,tt1234721,2017-12-12
164,tt1253863,2017-12-12
163,tt1852770,2017-12-12
162,tt2235779,2017-12-12
161,tt2511190,2017-12-12
160,tt2528814,2017-12-12
159,tt1762399,2017-12-12
158,tt1967545,2017-12-12
157,tt1043726,2017-12-12
156,tt2172934,2017-12-12
155,tt1204975,2017-12-12
154,tt1418377,2017-12-12
153,tt1583421,2017-12-12
152,tt1185838,2017-12-12
151,tt0080377,2017-12-12
150,tt1661382,2017-12-12
149,tt1413495,2017-12-12
148,tt1321870,2017-12-12
146,tt0118663,2017-12-12
145,tt0790736,2017-12-12
144,tt2070862,2017-12-12
143,tt1532958,2017-12-12
142,tt2167202,2017-12-12
141,tt2359137,2017-12-12
140,tt1815862,2017-12-12
139,tt0121765,2017-12-12
138,tt0249516,2017-12-12
137,tt2184339,2017-12-12
136,tt1603257,2017-12-12
135,tt2302755,2017-12-12
134,tt1374992,2017-12-12
133,tt1308729,2017-12-12
132,tt1428538,2017-12-12
131,tt1392197,2017-12-12
130,tt0114345,2017-12-12
129,tt1606378,2017-12-12
128,tt1234719,2017-12-12
127,tt1702439,2017-12-12
126,tt1540128,2017-12-12
125,tt2025667,2017-12-12
124,tt1656186,2017-12-12
123,tt1232200,2017-12-12
122,tt1712170,2017-12-12
121,tt1520498,2017-12-12
120,tt1496422,2017-12-12
119,tt1462769,2017-12-12
118,tt1386703,2017-12-12
117,tt1214962,2017-12-12
116,tt1336608,2017-12-12
115,tt1611224,2017-12-12
114,tt1600195,2017-12-12
113,tt1560985,2017-12-12
112,tt1486192,2017-12-12
111,tt1440161,2017-12-12
110,tt1440129,2017-12-12
109,tt1397514,2017-12-12
108,tt1396221,2017-12-12
107,tt1071875,2017-12-12
106,tt1253864,2017-12-12
105,tt0763831,2017-12-12
104,tt0480239,2017-12-12
103,tt1598828,2017-12-12
102,tt0409847,2017-12-12
101,tt1584131,2017-12-12
100,tt0098439,2017-12-12
99,tt1509767,2017-12-12
98,tt1637688,2017-12-12
96,tt1462041,2017-12-12
95,tt1674784,2017-12-12
94,tt0816462,2017-12-12
93,tt1133985,2017-12-12
92,tt1555064,2017-12-12
91,tt1222817,2017-12-12
90,tt1486185,2017-12-12
89,tt0479997,2017-12-12
88,tt0822847,2017-12-12
87,tt0872230,2017-12-12
86,tt0061749,2017-12-12
85,tt1219289,2017-12-12
84,tt0978764,2017-12-12
83,tt1464540,2017-12-12
82,tt1502404,2017-12-12
81,tt1265990,2017-12-12
80,tt0963966,2017-12-12
79,tt1013743,2017-12-12
78,tt1132588,2017-12-12
77,tt1564585,2017-12-12
75,tt0473075,2017-12-12
74,tt0817230,2017-12-12
73,tt1314655,2017-12-12
72,tt1103153,2017-12-12
71,tt0938283,2017-12-12
70,tt1075747,2017-12-12
69,tt1380784,2017-12-12
68,tt0098453,2017-12-12
67,tt0815245,2017-12-12
66,tt0806027,2017-12-12
65,tt0976238,2017-12-12
64,tt1053424,2017-12-12
63,tt1179034,2017-12-12
62,tt1038686,2017-12-12
61,tt0986263,2017-12-12
60,tt0881891,2017-12-12
59,tt1197624,2017-12-12
58,tt1259571,2017-12-12
57,tt1232783,2017-12-12
56,tt0365929,2017-12-12
55,tt1142988,2017-12-12
54,tt1034032,2017-12-12
53,tt1114677,2017-12-12
52,tt1098327,2017-12-12
51,tt0458525,2017-12-12
50,tt0361500,2017-12-12
49,tt0891592,2017-12-12
48,tt1289437,2017-12-12
47,tt1139668,2017-12-12
46,tt1198138,2017-12-12
45,tt0461703,2017-12-12
44,tt0448011,2017-12-12
43,tt1034331,2017-12-12
42,tt1114740,2017-12-12
41,tt1160368,2017-12-12
40,tt0758746,2017-12-12
39,tt0901476,2017-12-12
38,tt1014775,2017-12-12
37,tt0814314,2017-12-12
36,tt0831887,2017-12-12
35,tt1129423,2017-12-12
34,tt0790686,2017-12-12
33,tt1190617,2017-12-12
31,tt1027862,2017-12-12
30,tt0814022,2017-12-12
29,tt1023481,2017-12-12
28,tt0457419,2017-12-12
27,tt0988595,2017-12-12
26,tt0411061,2017-12-12
25,tt0949731,2017-12-12
24,tt0926129,2017-12-12
23,tt0486946,2017-12-12
22,tt0443274,2017-12-12
21,tt0479968,2017-12-12
20,tt0443649,2017-12-12
19,tt0477071,2017-12-12
18,tt0489099,2017-12-12
17,tt0880578,2017-12-12
16,tt0758730,2017-12-12
15,tt0372873,2017-12-12
14,tt0804452,2017-12-12
13,tt0427392,2017-12-12
12,tt0211933,2017-12-12
10,tt0452625,2017-12-12
9,tt0435705,2017-12-12
8,tt0897361,2017-12-12
7,tt0780571,2017-12-12
6,tt0457433,2017-12-12
5,tt0489270,2017-12-12
4,tt0481369,2017-12-12
3,tt0318081,2017-12-12
2,tt0418879,2017-12-12
1,tt0382992,2017-12-12
