ep_num,host,imdb_id,scraped_date
245,Dan McCoy,tt4925292,2017-12-12
244,Dan McCoy,tt0033045,2017-12-12
243,Dan McCoy,"tt3748172,tt5308322",2017-12-12
241,Dan McCoy,tt0064921,2017-12-12
240,Dan McCoy,tt0079437,2017-12-12
239,Dan McCoy,tt4978710,2017-12-12
237,Dan McCoy,tt4425200,2017-12-12
235,Dan McCoy,tt0109508,2017-12-12
234,Dan McCoy,tt0057012,2017-12-12
233,Dan McCoy,tt0041866,2017-12-12
232,Dan McCoy,tt3896198,2017-12-12
231,Dan McCoy,tt4680182,2017-12-12
230,Dan McCoy,tt4094724,2017-12-12
229,Dan McCoy,tt0047542,2017-12-12
228,Dan McCoy,tt0185014,2017-12-12
227,Dan McCoy,tt0077714,2017-12-12
226,Dan McCoy,tt0066993,2017-12-12
225,Dan McCoy,tt3966544,2017-12-12
224,Dan McCoy,tt0058586,2017-12-12
223,Dan McCoy,tt0059260,2017-12-12
222,Dan McCoy,tt4034228,2017-12-12
221,Dan McCoy,tt0083922,2017-12-12
220,Dan McCoy,tt3716530,2017-12-12
219,Dan McCoy,tt0367089,2017-12-12
218,Dan McCoy,tt1093824,2017-12-12
217,Dan McCoy,tt1211837,2017-12-12
216,Dan McCoy,tt4016934,2017-12-12
215,Dan McCoy,tt0062453,2017-12-12
214,Dan McCoy,tt2091935,2017-12-12
213,Dan McCoy,tt2570858,2017-12-12
212,Dan McCoy,tt0026714,2017-12-12
211,Dan McCoy,"tt5278506,tt3748512",2017-12-12
209,Dan McCoy,tt2277860,2017-12-12
208,Dan McCoy,tt3165612,2017-12-12
207,Dan McCoy,"tt2872462,tt1683048",2017-12-12
206,Dan McCoy,tt0048393,2017-12-12
204,Dan McCoy,"tt2101570,tt3850590",2017-12-12
203,Dan McCoy,tt3623726,2017-12-12
202,Dan McCoy,tt0032599,2017-12-12
201,Dan McCoy,tt1179933,2017-12-12
200,Dan McCoy,"tt0070735,tt0097429",2017-12-12
199,Dan McCoy,tt0100150,2017-12-12
198,Dan McCoy,tt0077416,2017-12-12
197,Dan McCoy,tt3172532,2017-12-12
196,Dan McCoy,tt2396224,2017-12-12
195,Dan McCoy,tt3460252,2017-12-12
194,Dan McCoy,tt1596363,2017-12-12
193,Dan McCoy,tt2080374,2017-12-12
192,Dan McCoy,tt1674785,2017-12-12
191,Dan McCoy,tt2379713,2017-12-12
190,Dan McCoy,tt0060955,2017-12-12
189,Dan McCoy,tt0095294,2017-12-12
188,Dan McCoy,tt0036104,2017-12-12
187,Dan McCoy,tt0083806,2017-12-12
186,Dan McCoy,tt3813310,2017-12-12
185,Dan McCoy,tt1814836,2017-12-12
184,Dan McCoy,tt0061578,2017-12-12
183,Dan McCoy,tt0048488,2017-12-12
182,Dan McCoy,tt0072228,2017-12-12
181,Dan McCoy,"tt0080745,tt0062711",2017-12-12
180,Dan McCoy,tt0031971,2017-12-12
179,Dan McCoy,tt2369135,2017-12-12
178,Dan McCoy,tt2872732,2017-12-12
177,Dan McCoy,tt0119008,2017-12-12
176,Dan McCoy,tt4044364,2017-12-12
175,Dan McCoy,tt2199571,2017-12-12
174,Dan McCoy,tt1179031,2017-12-12
173,Dan McCoy,tt0448134,2017-12-12
172,Dan McCoy,tt2305051,2017-12-12
171,Dan McCoy,tt2955096,2017-12-12
170,Dan McCoy,tt0065234,2017-12-12
168,Dan McCoy,"tt1100089,tt2872718",2017-12-12
167,Dan McCoy,tt1791528,2017-12-12
166,Dan McCoy,tt0120461,2017-12-12
165,Dan McCoy,"tt2370248,tt0070531",2017-12-12
164,Dan McCoy,tt0074486,2017-12-12
163,Dan McCoy,tt0067023,2017-12-12
162,Dan McCoy,tt2521668,2017-12-12
161,Dan McCoy,tt2980592,2017-12-12
160,Dan McCoy,tt0070291,2017-12-12
159,Dan McCoy,"tt0408236,tt0084747,tt0099851",2017-12-12
158,Dan McCoy,"tt0069895,tt0455407",2017-12-12
157,Dan McCoy,"tt1490017,tt1951264,tt2024544,tt2281587,tt1205537",2017-12-12
156,Dan McCoy,tt2398249,2017-12-12
155,Dan McCoy,tt0088178,2017-12-12
154,Dan McCoy,"tt0046268,tt2654360",2017-12-12
153,Dan McCoy,tt0086541,2017-12-12
152,Dan McCoy,tt1869716,2017-12-12
151,Dan McCoy,tt1588170,2017-12-12
150,Dan McCoy,tt1441395,2017-12-12
149,Dan McCoy,"tt2278388,tt0051036",2017-12-12
148,Dan McCoy,tt2039345,2017-12-12
147,Dan McCoy,"tt2042568,tt0993846,tt2278871,tt1829012",2017-12-12
146,Dan McCoy,"tt2040281,tt0033028",2017-12-12
145,Dan McCoy,"tt1839590,tt0114576",2017-12-12
144,Dan McCoy,tt2356777,2017-12-12
143,Dan McCoy,"tt0993846,tt2347569",2017-12-12
142,Dan McCoy,tt0068638,2017-12-12
141,Dan McCoy,tt0063671,2017-12-12
140,Dan McCoy,tt2278871,2017-12-12
139,Dan McCoy,tt2042568,2017-12-12
138,Dan McCoy,tt0047034,2017-12-12
137,Dan McCoy,tt0036261,2017-12-12
136,Dan McCoy,tt1959332,2017-12-12
135,Dan McCoy,tt1213663,2017-12-12
134,Dan McCoy,tt0092549,2017-12-12
133,Dan McCoy,tt0027357,2017-12-12
132,Dan McCoy,tt0056172,2017-12-12
131,Dan McCoy,"tt0075147,tt0043117,tt2053463",2017-12-12
130,Dan McCoy,tt2094064,2017-12-12
129,Dan McCoy,tt0076845,2017-12-12
128,Dan McCoy,tt0034583,2017-12-12
127,Dan McCoy,tt0054152,2017-12-12
126,Dan McCoy,tt0067541,2017-12-12
125,Dan McCoy,tt1984153,2017-12-12
124,Dan McCoy,"tt2243973,tt2234222",2017-12-12
123,Dan McCoy,tt1231586,2017-12-12
122,Dan McCoy,tt0069121,2017-12-12
121,Dan McCoy,"tt0098253,tt1981677",2017-12-12
120,Dan McCoy,tt1942884,2017-12-12
119,Dan McCoy,tt1148204,2017-12-12
118,Dan McCoy,"tt1915581,tt1726669",2017-12-12
117,Dan McCoy,tt0200465,2017-12-12
116,Dan McCoy,tt1704619,2017-12-12
115,Dan McCoy,tt1899353,2017-12-12
114,Dan McCoy,tt0887883,2017-12-12
113,Dan McCoy,tt0073195,2017-12-12
112,Dan McCoy,"tt1343727,tt1655460",2017-12-12
111,Dan McCoy,tt1195478,2017-12-12
110,Dan McCoy,tt0082910,2017-12-12
109,Dan McCoy,tt0177789,2017-12-12
108,Dan McCoy,tt0090915,2017-12-12
107,Dan McCoy,tt0058672,2017-12-12
106,Dan McCoy,tt1622979,2017-12-12
105,Dan McCoy,tt0120201,2017-12-12
104,Dan McCoy,tt1446714,2017-12-12
103,Dan McCoy,tt1506999,2017-12-12
102,Dan McCoy,tt1340800,2017-12-12
101,Dan McCoy,tt1259521,2017-12-12
100,Dan McCoy,tt1316037,2017-12-12
99,Dan McCoy,tt0047396,2017-12-12
98,Dan McCoy,"tt0471042,tt0433035,tt1570728",2017-12-12
97,Dan McCoy,"tt1606392,tt1650062,tt1478964,tt1438176,tt0873886,tt0983193",2017-12-12
96,Dan McCoy,tt1568346,2017-12-12
95,Dan McCoy,tt0185906,2017-12-12
94,Dan McCoy,tt0023969,2017-12-12
92,Dan McCoy,"tt1625346,tt1623757",2017-12-12
91,Dan McCoy,tt0873886,2017-12-12
89,Dan McCoy,tt0116365,2017-12-12
88,Dan McCoy,tt0079257,2017-12-12
87,Dan McCoy,tt0051036,2017-12-12
86,Dan McCoy,tt1334512,2017-12-12
85,Dan McCoy,tt0040338,2017-12-12
84,Dan McCoy,tt0398286,2017-12-12
83,Dan McCoy,"tt0092859,tt0072006",2017-12-12
82,Dan McCoy,"tt1284485,tt0119051",2017-12-12
81,Dan McCoy,tt0088178,2017-12-12
79,Dan McCoy,tt1320244,2017-12-12
78,Dan McCoy,tt1399683,2017-12-12
77,Dan McCoy,tt1396557,2017-12-12
75,Dan McCoy,tt1568150,2017-12-12
74,Dan McCoy,tt1282140,2017-12-12
73,Dan McCoy,"tt1587707,tt1085507",2017-12-12
72,Dan McCoy,tt1144539,2017-12-12
71,Dan McCoy,tt0089507,2017-12-12
70,Dan McCoy,"tt0947798,tt1421051",2017-12-12
69,Dan McCoy,tt1216496,2017-12-12
68,Dan McCoy,tt0084516,2017-12-12
67,Dan McCoy,tt0800361,2017-12-12
66,Dan McCoy,"tt0464154,tt0446029",2017-12-12
65,Dan McCoy,tt1139328,2017-12-12
63,Dan McCoy,tt0800099,2017-12-12
61,Dan McCoy,"tt0244316,tt1237838",2017-12-12
60,Dan McCoy,tt0243133,2017-12-12
59,Dan McCoy,tt0083000,2017-12-12
58,Dan McCoy,tt0903747,2017-12-12
57,Dan McCoy,tt0971209,2017-12-12
56,Dan McCoy,tt1226774,2017-12-12
55,Dan McCoy,tt1262981,2017-12-12
54,Dan McCoy,tt0050766,2017-12-12
53,Dan McCoy,tt0372806,2017-12-12
52,Dan McCoy,tt1263670,2017-12-12
51,Dan McCoy,tt0844286,2017-12-12
50,Dan McCoy,tt1019452,2017-12-12
49,Dan McCoy,tt0072354,2017-12-12
48,Dan McCoy,tt0092074,2017-12-12
47,Dan McCoy,"tt1031280,tt0377061",2017-12-12
46,Dan McCoy,tt0338325,2017-12-12
45,Dan McCoy,tt1038988,2017-12-12
44,Dan McCoy,tt0072308,2017-12-12
43,Dan McCoy,tt1205489,2017-12-12
42,Dan McCoy,tt0098898,2017-12-12
41,Dan McCoy,tt0091983,2017-12-12
39,Dan McCoy,tt0077248,2017-12-12
38,Dan McCoy,tt0064921,2017-12-12
37,Dan McCoy,tt0022158,2017-12-12
36,Dan McCoy,tt0800308,2017-12-12
35,Dan McCoy,tt0800241,2017-12-12
34,Dan McCoy,tt0057076,2017-12-12
33,Dan McCoy,tt0094089,2017-12-12
31,Dan McCoy,tt0995039,2017-12-12
30,Dan McCoy,tt1179891,2017-12-12
29,Dan McCoy,"tt0800039,tt0887883,tt1084950,tt0910970,tt0468569",2017-12-12
28,Dan McCoy,"tt1012804,tt0970468",2017-12-12
27,Dan McCoy,"tt1084950,tt0912593",2017-12-12
26,Dan McCoy,tt0103270,2017-12-12
25,Dan McCoy,tt0439815,2017-12-12
24,Dan McCoy,tt0780607,2017-12-12
23,Dan McCoy,"tt0200465,tt0047264",2017-12-12
22,Dan McCoy,tt0041959,2017-12-12
21,Dan McCoy,tt0068638,2017-12-12
20,Dan McCoy,tt0448134,2017-12-12
19,Dan McCoy,"tt0480025,tt0402743",2017-12-12
18,Dan McCoy,tt0804516,2017-12-12
17,Dan McCoy,tt0362192,2017-12-12
16,Dan McCoy,tt0119717,2017-12-12
15,Dan McCoy,tt0079116,2017-12-12
14,Dan McCoy,tt0465234,2017-12-12
13,Dan McCoy,"tt0082776,tt0023238,tt0080057",2017-12-12
12,Dan McCoy,"tt0070292,tt0063415",2017-12-12
10,Dan McCoy,tt0088117,2017-12-12
9,Dan McCoy,"tt0058430,tt0486822",2017-12-12
8,Dan McCoy,"tt0092627,tt0099450",2017-12-12
7,Dan McCoy,tt0487831,2017-12-12
6,Dan McCoy,tt0260991,2017-12-12
5,Dan McCoy,tt0089907,2017-12-12
4,Dan McCoy,tt0094793,2017-12-12
3,Dan McCoy,tt0424095,2017-12-12
2,Dan McCoy,tt0078269,2017-12-12
1,Dan McCoy,tt0101917,2017-12-12
245,Stuart Wellington,tt3449006,2017-12-12
244,Stuart Wellington,"tt3501632,tt2554274",2017-12-12
243,Stuart Wellington,tt5719076,2017-12-12
241,Stuart Wellington,tt2674806,2017-12-12
240,Stuart Wellington,tt0113241,2017-12-12
239,Stuart Wellington,"tt4972582,tt4457344",2017-12-12
237,Stuart Wellington,tt0070608,2017-12-12
235,Stuart Wellington,tt3890160,2017-12-12
234,Stuart Wellington,tt3286052,2017-12-12
233,Stuart Wellington,tt3520418,2017-12-12
232,Stuart Wellington,tt3896738,2017-12-12
231,Stuart Wellington,tt1977895,2017-12-12
230,Stuart Wellington,tt4255304,2017-12-12
229,Stuart Wellington,"tt0094919,tt4438848",2017-12-12
228,Stuart Wellington,tt5052448,2017-12-12
227,Stuart Wellington,tt2060525,2017-12-12
226,Stuart Wellington,tt1974419,2017-12-12
225,Stuart Wellington,"tt4975722,tt1878870",2017-12-12
224,Stuart Wellington,tt0100395,2017-12-12
223,Stuart Wellington,tt0261983,2017-12-12
222,Stuart Wellington,"tt0079714,tt0095863,tt0110823,tt0138703,tt3627704,tt0120524,tt0156182,tt0254871,tt0254872",2017-12-12
221,Stuart Wellington,tt0093075,2017-12-12
220,Stuart Wellington,tt2582782,2017-12-12
219,Stuart Wellington,tt4160708,2017-12-12
218,Stuart Wellington,tt0105792,2017-12-12
217,Stuart Wellington,tt0280609,2017-12-12
216,Stuart Wellington,tt4698684,2017-12-12
215,Stuart Wellington,tt4052882,2017-12-12
214,Stuart Wellington,tt0082533,2017-12-12
213,Stuart Wellington,"tt5241578,tt3799694",2017-12-12
212,Stuart Wellington,tt0106697,2017-12-12
211,Stuart Wellington,tt2937696,2017-12-12
209,Stuart Wellington,tt0113210,2017-12-12
208,Stuart Wellington,tt0111149,2017-12-12
207,Stuart Wellington,tt0089175,2017-12-12
206,Stuart Wellington,tt0074695,2017-12-12
204,Stuart Wellington,"tt3498820,tt0120657",2017-12-12
203,Stuart Wellington,tt2400463,2017-12-12
202,Stuart Wellington,tt0067411,2017-12-12
201,Stuart Wellington,tt4062536,2017-12-12
200,Stuart Wellington,tt0098662,2017-12-12
199,Stuart Wellington,tt3205376,2017-12-12
198,Stuart Wellington,tt4263482,2017-12-12
197,Stuart Wellington,tt3511596,2017-12-12
196,Stuart Wellington,tt3397884,2017-12-12
195,Stuart Wellington,"tt2488496,tt3064298",2017-12-12
194,Stuart Wellington,tt2268016,2017-12-12
193,Stuart Wellington,tt0286112,2017-12-12
192,Stuart Wellington,tt0221111,2017-12-12
191,Stuart Wellington,tt0087981,2017-12-12
190,Stuart Wellington,tt2428170,2017-12-12
189,Stuart Wellington,tt3705412,2017-12-12
188,Stuart Wellington,tt3567288,2017-12-12
187,Stuart Wellington,tt0454848,2017-12-12
186,Stuart Wellington,"tt1510985,tt0105121",2017-12-12
185,Stuart Wellington,tt1600196,2017-12-12
184,Stuart Wellington,tt0120714,2017-12-12
183,Stuart Wellington,tt0470752,2017-12-12
182,Stuart Wellington,tt3824412,2017-12-12
181,Stuart Wellington,tt0381966,2017-12-12
180,Stuart Wellington,tt2793490,2017-12-12
179,Stuart Wellington,tt0112643,2017-12-12
178,Stuart Wellington,tt3416742,2017-12-12
177,Stuart Wellington,tt3395184,2017-12-12
176,Stuart Wellington,tt3021360,2017-12-12
175,Stuart Wellington,tt3235888,2017-12-12
173,Stuart Wellington,tt0293905,2017-12-12
172,Stuart Wellington,tt0076740,2017-12-12
171,Stuart Wellington,tt2866360,2017-12-12
170,Stuart Wellington,tt0093873,2017-12-12
168,Stuart Wellington,tt0089689,2017-12-12
167,Stuart Wellington,"tt2310332,tt2321549",2017-12-12
166,Stuart Wellington,tt3504048,2017-12-12
165,Stuart Wellington,tt2911666,2017-12-12
164,Stuart Wellington,tt2404738,2017-12-12
163,Stuart Wellington,tt0091209,2017-12-12
162,Stuart Wellington,tt0093185,2017-12-12
161,Stuart Wellington,tt2316411,2017-12-12
160,Stuart Wellington,tt2756032,2017-12-12
159,Stuart Wellington,tt2265398,2017-12-12
158,Stuart Wellington,"tt1631867,tt0106761",2017-12-12
157,Stuart Wellington,tt1706620,2017-12-12
156,Stuart Wellington,tt0165854,2017-12-12
155,Stuart Wellington,tt1464580,2017-12-12
154,Stuart Wellington,tt0113210,2017-12-12
153,Stuart Wellington,tt0105217,2017-12-12
152,Stuart Wellington,tt0187738,2017-12-12
151,Stuart Wellington,tt2359024,2017-12-12
150,Stuart Wellington,tt2265171,2017-12-12
149,Stuart Wellington,tt0080100,2017-12-12
148,Stuart Wellington,tt0091474,2017-12-12
147,Stuart Wellington,"tt1853739,tt2458106,tt1213663,tt1817273",2017-12-12
146,Stuart Wellington,"tt0122768,tt1490017",2017-12-12
145,Stuart Wellington,tt1535109,2017-12-12
144,Stuart Wellington,tt1853739,2017-12-12
143,Stuart Wellington,tt2458106,2017-12-12
142,Stuart Wellington,tt1170358,2017-12-12
141,Stuart Wellington,tt1682180,2017-12-12
140,Stuart Wellington,tt2274570,2017-12-12
139,Stuart Wellington,tt0119791,2017-12-12
138,Stuart Wellington,tt0084237,2017-12-12
137,Stuart Wellington,"tt0113210,tt0093624",2017-12-12
136,Stuart Wellington,tt0276816,2017-12-12
135,Stuart Wellington,tt1817273,2017-12-12
134,Stuart Wellington,tt1343727,2017-12-12
133,Stuart Wellington,tt2125666,2017-12-12
132,Stuart Wellington,tt1549920,2017-12-12
131,Stuart Wellington,"tt1602613,tt1663662",2017-12-12
130,Stuart Wellington,tt0267116,2017-12-12
129,Stuart Wellington,"tt0105690,tt1592525,tt0114576",2017-12-12
128,Stuart Wellington,tt1723811,2017-12-12
127,Stuart Wellington,tt0091605,2017-12-12
126,Stuart Wellington,tt1300854,2017-12-12
125,Stuart Wellington,tt0092669,2017-12-12
124,Stuart Wellington,tt1659343,2017-12-12
123,Stuart Wellington,tt0105459,2017-12-12
122,Stuart Wellington,tt1772341,2017-12-12
121,Stuart Wellington,tt0097858,2017-12-12
120,Stuart Wellington,"tt2105044,tt0410097,tt0462200",2017-12-12
119,Stuart Wellington,tt0079714,2017-12-12
118,Stuart Wellington,tt1637725,2017-12-12
117,Stuart Wellington,"tt0099856,tt0099271,tt0105459",2017-12-12
115,Stuart Wellington,tt1316536,2017-12-12
114,Stuart Wellington,tt1291584,2017-12-12
113,Stuart Wellington,tt1772925,2017-12-12
112,Stuart Wellington,"tt1276104,tt1658837",2017-12-12
111,Stuart Wellington,tt0117407,2017-12-12
110,Stuart Wellington,tt0102800,2017-12-12
109,Stuart Wellington,tt1899353,2017-12-12
108,Stuart Wellington,tt0112643,2017-12-12
107,Stuart Wellington,tt1592525,2017-12-12
106,Stuart Wellington,tt1456635,2017-12-12
105,Stuart Wellington,tt0107076,2017-12-12
103,Stuart Wellington,tt1706593,2017-12-12
102,Stuart Wellington,tt1202222,2017-12-12
100,Stuart Wellington,tt1399683,2017-12-12
99,Stuart Wellington,tt1594562,2017-12-12
98,Stuart Wellington,"tt0401729,tt1441326",2017-12-12
97,Stuart Wellington,"tt1568346,tt1229238",2017-12-12
96,Stuart Wellington,tt1233301,2017-12-12
94,Stuart Wellington,tt1512235,2017-12-12
92,Stuart Wellington,tt0084945,2017-12-12
89,Stuart Wellington,"tt0081184,tt0116503,tt0089907",2017-12-12
88,Stuart Wellington,tt0181689,2017-12-12
87,Stuart Wellington,tt0099856,2017-12-12
86,Stuart Wellington,tt0844479,2017-12-12
84,Stuart Wellington,tt0079833,2017-12-12
83,Stuart Wellington,tt0099365,2017-12-12
82,Stuart Wellington,"tt0095444,tt0112643",2017-12-12
81,Stuart Wellington,tt0095179,2017-12-12
78,Stuart Wellington,tt0079509,2017-12-12
77,Stuart Wellington,tt1181791,2017-12-12
75,Stuart Wellington,tt1584016,2017-12-12
74,Stuart Wellington,tt1323045,2017-12-12
73,Stuart Wellington,tt1020558,2017-12-12
72,Stuart Wellington,tt0101751,2017-12-12
71,Stuart Wellington,tt0070355,2017-12-12
70,Stuart Wellington,tt0116503,2017-12-12
69,Stuart Wellington,tt0107953,2017-12-12
68,Stuart Wellington,tt0099856,2017-12-12
67,Stuart Wellington,tt0319728,2017-12-12
65,Stuart Wellington,tt1172570,2017-12-12
63,Stuart Wellington,tt1467304,2017-12-12
61,Stuart Wellington,"tt0088024,tt0087932",2017-12-12
60,Stuart Wellington,tt0089880,2017-12-12
59,Stuart Wellington,tt1228705,2017-12-12
58,Stuart Wellington,tt0094752,2017-12-12
55,Stuart Wellington,tt1172994,2017-12-12
53,Stuart Wellington,tt0112643,2017-12-12
52,Stuart Wellington,tt0097236,2017-12-12
51,Stuart Wellington,tt0110729,2017-12-12
50,Stuart Wellington,tt0248119,2017-12-12
49,Stuart Wellington,tt0101764,2017-12-12
48,Stuart Wellington,"tt0862856,tt0088044",2017-12-12
47,Stuart Wellington,tt0109327,2017-12-12
46,Stuart Wellington,"tt0102095,tt0099856,tt0109933",2017-12-12
45,Stuart Wellington,tt0119250,2017-12-12
44,Stuart Wellington,tt0118956,2017-12-12
42,Stuart Wellington,tt0113210,2017-12-12
41,Stuart Wellington,tt0297284,2017-12-12
39,Stuart Wellington,tt0116503,2017-12-12
38,Stuart Wellington,tt1127180,2017-12-12
37,Stuart Wellington,tt0362225,2017-12-12
36,Stuart Wellington,tt0328031,2017-12-12
35,Stuart Wellington,tt0480669,2017-12-12
34,Stuart Wellington,tt0089530,2017-12-12
33,Stuart Wellington,tt1032755,2017-12-12
30,Stuart Wellington,tt0066819,2017-12-12
29,Stuart Wellington,"tt0910970,tt0468569,tt0808279,tt1139797,tt0910936",2017-12-12
28,Stuart Wellington,"tt0097257,tt0116253",2017-12-12
27,Stuart Wellington,tt1139797,2017-12-12
25,Stuart Wellington,tt0184135,2017-12-12
24,Stuart Wellington,tt0465430,2017-12-12
22,Stuart Wellington,tt0110857,2017-12-12
21,Stuart Wellington,tt0483607,2017-12-12
20,Stuart Wellington,tt0760187,2017-12-12
19,Stuart Wellington,tt0892899,2017-12-12
18,Stuart Wellington,tt0758786,2017-12-12
17,Stuart Wellington,tt0465203,2017-12-12
16,Stuart Wellington,"tt0089175,tt0856288",2017-12-12
15,Stuart Wellington,tt0478216,2017-12-12
14,Stuart Wellington,tt0486655,2017-12-12
13,Stuart Wellington,tt0842929,2017-12-12
12,Stuart Wellington,"tt0337978,tt0470705",2017-12-12
10,Stuart Wellington,tt0102293,2017-12-12
9,Stuart Wellington,tt0780622,2017-12-12
8,Stuart Wellington,tt0878695,2017-12-12
7,Stuart Wellington,tt0416449,2017-12-12
6,Stuart Wellington,tt0477348,2017-12-12
5,Stuart Wellington,tt0779982,2017-12-12
4,Stuart Wellington,tt0093624,2017-12-12
3,Stuart Wellington,tt1028528,2017-12-12
2,Stuart Wellington,tt0486822,2017-12-12
1,Stuart Wellington,tt0093560,2017-12-12
245,Elliott Kalan,tt0045848,2017-12-12
244,Elliott Kalan,tt1212428,2017-12-12
243,Elliott Kalan,"tt3993894,tt4666726",2017-12-12
241,Elliott Kalan,tt5109784,2017-12-12
240,Elliott Kalan,tt0077914,2017-12-12
239,Elliott Kalan,"tt1441395,tt3553976",2017-12-12
237,Elliott Kalan,tt0080139,2017-12-12
235,Elliott Kalan,tt5804038,2017-12-12
233,Elliott Kalan,tt0079588,2017-12-12
232,Elliott Kalan,tt4385888,2017-12-12
231,Elliott Kalan,tt4651520,2017-12-12
230,Elliott Kalan,tt3076658,2017-12-12
229,Elliott Kalan,tt0051792,2017-12-12
228,Elliott Kalan,tt0091795,2017-12-12
227,Elliott Kalan,tt0037077,2017-12-12
226,Elliott Kalan,"tt3464902,tt3731562",2017-12-12
225,Elliott Kalan,tt0064612,2017-12-12
224,Elliott Kalan,tt0070061,2017-12-12
223,Elliott Kalan,tt0034881,2017-12-12
222,Elliott Kalan,tt0082894,2017-12-12
221,Elliott Kalan,"tt4975722,tt1133989",2017-12-12
220,Elliott Kalan,tt0045002,2017-12-12
219,Elliott Kalan,tt2543164,2017-12-12
218,Elliott Kalan,tt0084269,2017-12-12
217,Elliott Kalan,"tt0086961,tt0079477",2017-12-12
216,Elliott Kalan,"tt0070300,tt0085701",2017-12-12
215,Elliott Kalan,tt4262980,2017-12-12
214,Elliott Kalan,"tt0068853,tt0089885",2017-12-12
213,Elliott Kalan,tt3966404,2017-12-12
212,Elliott Kalan,tt0048473,2017-12-12
211,Elliott Kalan,tt0074605,2017-12-12
208,Elliott Kalan,tt0037017,2017-12-12
207,Elliott Kalan,tt0061065,2017-12-12
204,Elliott Kalan,tt0062144,2017-12-12
203,Elliott Kalan,tt0077327,2017-12-12
202,Elliott Kalan,tt0078875,2017-12-12
201,Elliott Kalan,tt3066630,2017-12-12
200,Elliott Kalan,tt0150980,2017-12-12
199,Elliott Kalan,tt0074360,2017-12-12
198,Elliott Kalan,tt4594834,2017-12-12
197,Elliott Kalan,tt1211890,2017-12-12
196,Elliott Kalan,tt0083739,2017-12-12
195,Elliott Kalan,tt0094898,2017-12-12
194,Elliott Kalan,tt2494362,2017-12-12
193,Elliott Kalan,"tt3397884,tt0031088",2017-12-12
192,Elliott Kalan,"tt0046468,tt0113718",2017-12-12
191,Elliott Kalan,"tt4270516,tt0059319",2017-12-12
190,Elliott Kalan,tt0043587,2017-12-12
189,Elliott Kalan,"tt0026663,tt3659388",2017-12-12
188,Elliott Kalan,tt0076301,2017-12-12
187,Elliott Kalan,tt0390384,2017-12-12
186,Elliott Kalan,"tt3416744,tt0059448",2017-12-12
185,Elliott Kalan,tt2910274,2017-12-12
184,Elliott Kalan,"tt0079596,tt0080310",2017-12-12
183,Elliott Kalan,tt0042786,2017-12-12
181,Elliott Kalan,tt0080100,2017-12-12
180,Elliott Kalan,tt0057238,2017-12-12
179,Elliott Kalan,tt1392190,2017-12-12
178,Elliott Kalan,tt0064253,2017-12-12
177,Elliott Kalan,tt0099053,2017-12-12
176,Elliott Kalan,tt3235888,2017-12-12
175,Elliott Kalan,"tt0033532,tt0061912",2017-12-12
174,Elliott Kalan,tt0059063,2017-12-12
173,Elliott Kalan,tt0040000,2017-12-12
172,Elliott Kalan,tt0074812,2017-12-12
171,Elliott Kalan,tt0069191,2017-12-12
170,Elliott Kalan,tt0057358,2017-12-12
168,Elliott Kalan,tt0059578,2017-12-12
167,Elliott Kalan,tt0054803,2017-12-12
166,Elliott Kalan,"tt0029030,tt0077318",2017-12-12
165,Elliott Kalan,tt0217894,2017-12-12
164,Elliott Kalan,tt0079727,2017-12-12
163,Elliott Kalan,tt0189998,2017-12-12
162,Elliott Kalan,"tt0091083,tt0057129",2017-12-12
161,Elliott Kalan,tt0060543,2017-12-12
160,Elliott Kalan,tt1935156,2017-12-12
158,Elliott Kalan,"tt2103281,tt0469021",2017-12-12
157,Elliott Kalan,"tt1379182,tt0065234",2017-12-12
156,Elliott Kalan,"tt0034162,tt0021873",2017-12-12
155,Elliott Kalan,tt0055093,2017-12-12
154,Elliott Kalan,tt0067975,2017-12-12
153,Elliott Kalan,tt0064208,2017-12-12
152,Elliott Kalan,"tt0082783,tt0092991",2017-12-12
151,Elliott Kalan,tt0057495,2017-12-12
150,Elliott Kalan,tt0041859,2017-12-12
149,Elliott Kalan,"tt2278388,tt0093754",2017-12-12
148,Elliott Kalan,"tt0031867,tt0070077",2017-12-12
147,Elliott Kalan,"tt1602613,tt1454468,tt1535109",2017-12-12
146,Elliott Kalan,tt0060862,2017-12-12
145,Elliott Kalan,tt0063803,2017-12-12
142,Elliott Kalan,"tt0122690,tt0065446,tt0032881",2017-12-12
141,Elliott Kalan,tt0070215,2017-12-12
140,Elliott Kalan,tt0045465,2017-12-12
139,Elliott Kalan,tt1820488,2017-12-12
138,Elliott Kalan,tt0096409,2017-12-12
137,Elliott Kalan,"tt1454468,tt0026663",2017-12-12
136,Elliott Kalan,"tt0060827,tt0113409",2017-12-12
135,Elliott Kalan,tt0073114,2017-12-12
134,Elliott Kalan,tt0065651,2017-12-12
133,Elliott Kalan,tt0100234,2017-12-12
132,Elliott Kalan,tt0465602,2017-12-12
131,Elliott Kalan,tt1602613,2017-12-12
130,Elliott Kalan,tt0054749,2017-12-12
129,Elliott Kalan,tt0105851,2017-12-12
128,Elliott Kalan,"tt0035429,tt2395133",2017-12-12
127,Elliott Kalan,"tt1935179,tt0063293",2017-12-12
126,Elliott Kalan,"tt0082477,tt0051337,tt0050084",2017-12-12
125,Elliott Kalan,"tt0043090,tt0229519",2017-12-12
124,Elliott Kalan,tt2085910,2017-12-12
123,Elliott Kalan,tt0040737,2017-12-12
122,Elliott Kalan,tt0045296,2017-12-12
121,Elliott Kalan,tt0067820,2017-12-12
120,Elliott Kalan,"tt0045112,tt0076759",2017-12-12
119,Elliott Kalan,tt1783732,2017-12-12
118,Elliott Kalan,tt1704573,2017-12-12
117,Elliott Kalan,tt0082979,2017-12-12
116,Elliott Kalan,tt0051083,2017-12-12
115,Elliott Kalan,tt0023303,2017-12-12
114,Elliott Kalan,"tt0826547,tt0443272",2017-12-12
113,Elliott Kalan,"tt0052287,tt0093777",2017-12-12
112,Elliott Kalan,"tt0058333,tt0068182",2017-12-12
111,Elliott Kalan,tt0057982,2017-12-12
110,Elliott Kalan,"tt1547234,tt0053666",2017-12-12
109,Elliott Kalan,tt2125435,2017-12-12
108,Elliott Kalan,tt0054687,2017-12-12
107,Elliott Kalan,tt0068457,2017-12-12
106,Elliott Kalan,tt0037800,2017-12-12
105,Elliott Kalan,tt1748122,2017-12-12
104,Elliott Kalan,tt0071115,2017-12-12
103,Elliott Kalan,tt0074906,2017-12-12
102,Elliott Kalan,tt1386683,2017-12-12
101,Elliott Kalan,tt1453253,2017-12-12
100,Elliott Kalan,tt0062863,2017-12-12
99,Elliott Kalan,"tt0790712,tt0901487",2017-12-12
98,Elliott Kalan,tt0039360,2017-12-12
97,Elliott Kalan,"tt0970179,tt0780504",2017-12-12
96,Elliott Kalan,tt1190539,2017-12-12
95,Elliott Kalan,tt0026424,2017-12-12
94,Elliott Kalan,tt0068661,2017-12-12
92,Elliott Kalan,"tt0025746,tt0033740",2017-12-12
91,Elliott Kalan,tt0029541,2017-12-12
89,Elliott Kalan,tt0024188,2017-12-12
87,Elliott Kalan,tt0920458,2017-12-12
86,Elliott Kalan,tt0072226,2017-12-12
85,Elliott Kalan,tt0022971,2017-12-12
84,Elliott Kalan,tt0038458,2017-12-12
83,Elliott Kalan,tt0029811,2017-12-12
82,Elliott Kalan,"tt1664894,tt0042530",2017-12-12
81,Elliott Kalan,tt1045772,2017-12-12
79,Elliott Kalan,tt0155278,2017-12-12
77,Elliott Kalan,tt0052600,2017-12-12
75,Elliott Kalan,tt0032983,2017-12-12
74,Elliott Kalan,"tt0434008,tt0491244",2017-12-12
73,Elliott Kalan,tt0445336,2017-12-12
71,Elliott Kalan,tt1403865,2017-12-12
70,Elliott Kalan,tt1127715,2017-12-12
69,Elliott Kalan,"tt0037558,tt0089907",2017-12-12
68,Elliott Kalan,"tt0031951,tt0800361",2017-12-12
66,Elliott Kalan,tt0122136,2017-12-12
65,Elliott Kalan,tt0077294,2017-12-12
63,Elliott Kalan,tt0058606,2017-12-12
61,Elliott Kalan,tt0059106,2017-12-12
59,Elliott Kalan,tt0025028,2017-12-12
58,Elliott Kalan,tt0045152,2017-12-12
57,Elliott Kalan,"tt0022835,tt0063186",2017-12-12
56,Elliott Kalan,tt0762073,2017-12-12
55,Elliott Kalan,tt0379357,2017-12-12
53,Elliott Kalan,tt0055913,2017-12-12
51,Elliott Kalan,tt0026262,2017-12-12
50,Elliott Kalan,tt0011565,2017-12-12
49,Elliott Kalan,"tt0386117,tt0031971",2017-12-12
48,Elliott Kalan,tt0122136,2017-12-12
47,Elliott Kalan,"tt0043643,tt0060827",2017-12-12
46,Elliott Kalan,"tt0107505,tt0110153,tt0107715",2017-12-12
45,Elliott Kalan,tt0361748,2017-12-12
44,Elliott Kalan,"tt0023158,tt0073312",2017-12-12
43,Elliott Kalan,tt0038733,2017-12-12
38,Elliott Kalan,tt0091125,2017-12-12
37,Elliott Kalan,tt0079781,2017-12-12
36,Elliott Kalan,tt1016164,2017-12-12
35,Elliott Kalan,"tt0929425,tt0033532",2017-12-12
34,Elliott Kalan,tt0059749,2017-12-12
33,Elliott Kalan,"tt0079588,tt0165348",2017-12-12
31,Elliott Kalan,tt0327597,2017-12-12
30,Elliott Kalan,"tt1263692,tt0075223",2017-12-12
29,Elliott Kalan,"tt0460791,tt0383028,tt0910970,tt1013753,tt0468569,tt1093842",2017-12-12
28,Elliott Kalan,"tt0023074,tt0040444",2017-12-12
27,Elliott Kalan,"tt0460791,tt0870111",2017-12-12
26,Elliott Kalan,tt0383028,2017-12-12
25,Elliott Kalan,"tt0407304,tt0054443,tt0059894,tt0084787,tt0062153",2017-12-12
24,Elliott Kalan,"tt0023293,tt0070077",2017-12-12
23,Elliott Kalan,tt0064437,2017-12-12
21,Elliott Kalan,"tt0028167,tt0081455",2017-12-12
20,Elliott Kalan,"tt0910970,tt0036112",2017-12-12
19,Elliott Kalan,"tt0827517,tt0210070,tt0353489,tt0109707",2017-12-12
17,Elliott Kalan,"tt0077474,tt0060802",2017-12-12
15,Elliott Kalan,tt0059017,2017-12-12
14,Elliott Kalan,tt0073540,2017-12-12
13,Elliott Kalan,tt0082764,2017-12-12
12,Elliott Kalan,"tt0030396,tt0116745",2017-12-12
8,Elliott Kalan,"tt0063206,tt0023042",2017-12-12
215,Hallie Haglund,tt0098084,2017-12-12
206,Hallie Haglund,tt3343784,2017-12-12
190,Hallie Haglund,tt0200849,2017-12-12
183,Hallie Haglund,tt2364975,2017-12-12
174,Hallie Haglund,tt1175709,2017-12-12
162,Hallie Haglund,tt0090327,2017-12-12
144,Hallie Haglund,tt1426329,2017-12-12
143,Hallie Haglund,tt2358891,2017-12-12
134,Hallie Haglund,tt2375605,2017-12-12
116,Hallie Haglund,tt0087985,2017-12-12
91,Hallie Haglund,tt0118892,2017-12-12
209,Zhubin Parang,tt5278596,2017-12-12
104,Zhubin Parang,tt0083822,2017-12-12
95,Zhubin Parang,tt0080297,2017-12-12
101,Al Madrigal,tt1568346,2017-12-12
88,Tom Silvestro,"tt1139797,tt0780504",2017-12-12
79,Wyatt Cenac,tt1242777,2017-12-12
78,Andy Rocco,"tt0098333,tt1019452",2017-12-12
72,Lou Fernandez,tt0397150,2017-12-12
16,Lou Fernandez,tt0489099,2017-12-12
67,John Kingman,tt0222344,2017-12-12
66,Federico Hatoum,tt0884328,2017-12-12
60,Brock Mahan,tt0067482,2017-12-12
42,Brock Mahan,tt1182345,2017-12-12
57,Eric Zuckerman,tt0053125,2017-12-12
56,Amanda Melson,tt1035736,2017-12-12
39,Amanda Melson,"tt0102951,tt0362225",2017-12-12
54,Matt Koff,tt0368226,2017-12-12
18,Matt Koff,tt0220924,2017-12-12
52,Nigel Wood,tt1136608,2017-12-12
51,Dash Coombs,tt0080827,2017-12-12
45,Bob Powers,tt1091722,2017-12-12
43,Meghan Oneill,tt1135503,2017-12-12
31,Will Hines,tt0405296,2017-12-12
23,Ritch Duncan,tt0104029,2017-12-12
10,Ritch Duncan,tt0420251,2017-12-12
22,Sara Schaefer,"tt0071512,tt0079472",2017-12-12
9,Frank Lesser,"tt0021749,tt0408236",2017-12-12
7,Jeanette Lahr,tt0093822,2017-12-12
6,Simon Fisher,"tt0112346,tt0127723",2017-12-12
5,Simon Fisher,tt0100258,2017-12-12
4,Simon Fisher,tt0113409,2017-12-12
3,Simon Fisher,tt0096734,2017-12-12
2,Simon Fisher,tt0829482,2017-12-12
1,Simon Fisher,"tt0811106,tt0323033",2017-12-12
156,Jessica Williams,tt2910274,2017-12-12
159,Kevin Maher,"tt0844471,tt2004205,tt0078444",2017-12-12
182,Jordan Morris,tt3844362,2017-12-12
193,David Kalan,"tt1365050,tt3445270",2017-12-12
200,John Hodgman,tt0092699,2017-12-12
231,Paul Sabourin,"tt0151568,tt5700672",2017-12-12
